{
    "id": "01J72PES40C4FKVT2VN337181T",
    "name": "Microsoft Teams Keyboard",
    "manufacturer": "Microsoft",
    "description": "",
    "tags": [],
    "controller": "",
    "keyboardType": "normal",
    "wiringMethod": "matrix",
    "diodeDirection": "COL2ROW",
    "rows": 3,
    "cols": 3,
    "pins": 0,
    "rowPins": [
        "2",
        "7",
        "12"
    ],
    "colPins": [
        "28",
        "4",
        "3"
    ],
    "directPins": [],
    "encoders": [],
    "layouts": [],
    "keys": [
        {
            "x": 0,
            "y": 0,
            "idx": 0
        },
        {
            "x": 1,
            "y": 0,
            "idx": 1
        },
        {
            "x": 2,
            "y": 0,
            "idx": 2
        },
        {
            "x": 0,
            "y": 1,
            "idx": 3
        },
        {
            "x": 1,
            "y": 1,
            "idx": 4
        },
        {
            "x": 2,
            "y": 1,
            "idx": 5
        },
        {
            "x": 0,
            "y": 2,
            "idx": 6
        },
        {
            "x": 1,
            "y": 2,
            "idx": 7
        },
        {
            "x": 2,
            "y": 2,
            "idx": 8
        }
    ],
    "keymap": [
        [
            "KC.LGUI(KC.LSFT(KC.M))",
            "KC.LGUI(KC.LSFT(KC.K))",
            "KC.LGUI(KC.LCTL(KC.LSFT(KC.C)))",
            "KC.LGUI(KC.LCTL(KC.LSFT(KC.U)))",
            "KC.LGUI(KC.LCTL(KC.LSFT(KC.S)))",
            "KC.LGUI(KC.LCTL(KC.LSFT(KC.P)))",
            "KC.LGUI(KC.LCTL(KC.LSFT(KC.L)))",
            "KC.LGUI(KC.LCTL(KC.LSFT(KC.H)))",
            "KC.LGUI(KC.LCTL(KC.LSFT(KC.A)))"
        ]
    ],
    "encoderKeymap": [
        []
    ],
    "layers": [
        {
            "name": "Teams",
            "color": "#0ca508"
        }
    ],
    "split": false,
    "splitPinA": "",
    "splitPinB": "",
    "splitSide": "left",
    "vbusPin": "VBUS_SENSE",
    "coordMap": [
        [
            "000",
            "001",
            "002"
        ],
        [
            "003",
            "004",
            "005"
        ],
        [
            "006",
            "007",
            "008"
        ]
    ],
    "pinPrefix": "gp",
    "coordMapSetup": false,
    "rgbPin": "board.GP15",
    "rgbNumLeds": 9,
    "rgbOptions": {
        "animationMode": 1,
        "hueDefault": 208,
        "satDefault": 255,
        "valDefault": 39,
        "animationSpeed": 1,
        "breatheCenter": 5,
        "knightEffectLength": 3
    },
    "kbFeatures": [
        "basic",
        "serial",
        "oneshot",
        "tapdance",
        "holdtap",
        "mousekeys",
        "combos",
        "macros",
        "rgb"
    ],
    "flashingMode": "automatic",
    "lastEdited": "2024-09-18 16:03"
}